{"cameraMode":{"drawMode":0,"name":"Shaded","section":"Shading Mode"},"sceneLighting":false,"audioPlay":false,"sceneViewState":{"showFog":true,"showMaterialUpdate":false,"showSkybox":false,"showFlares":true,"showImageEffects":true,"showParticleSystems":true},"in2DMode":false,"pivot":{"x":-0.07205553352832794,"y":1.069648027420044,"z":-0.9060801863670349},"rotation":{"x":-0.006605512462556362,"y":0.6789734363555908,"z":-0.006109368987381458,"w":-0.7341077327728272},"size":7.045034885406494,"orthographic":false}